{"E09000010":0.31025272071714466,"E07000044":0.1171221558408542,"E08000027":0.20493328177779074,"E07000033":0.18512846690488344,"W06000016":0.22216416032824324,"E06000031":0.22652691848153975,"E07000088":0.20650297867602027,"E07000122":0.23267053662893017,"E07000129":0.11431591309453905,"E06000033":0.24565389426390627,"E07000045":0.144155887563087,"E07000219":0.19425299544056834,"E09000004":0.22378803777544595,"E07000200":0.11649253731343284,"E09000031":0.4211523697534523,"E09000018":0.3275319529155821,"E06000059":0.1366646776280419,"E07000062":0.29165430633837636,"E06000042":0.17107566621279907,"E07000090":0.1805967642613223,"E07000136":0.19497347299687118,"W06000020":0.19629233865957604,"E07000175":0.16163510219388713,"E07000240":0.12834378708255637,"E09000019":0.6687945614325982,"E07000031":0.141217449692595,"E07000207":0.11138694009713977,"E07000227":0.11239377906044573,"E07000039":0.11116268788682582,"E06000015":0.25953374790584094,"E07000095":0.1655207026348808,"E07000103":0.2241849197537095,"E07000111":0.11437081769218214,"E07000108":0.20072010762047954,"E08000019":0.292489760724294,"W06000005":0.14571595103944046,"E07000214":0.09892246167518329,"E08000031":0.28486508593222437,"E07000032":0.16792238254318004,"E06000035":0.1924402016903228,"E07000028":0.2168841166137023,"E07000064":0.1601349104555603,"E07000106":0.20834900928016054,"E06000026":0.2490790691178268,"E07000148":0.32698304348500595,"E07000174":0.2186432914133422,"E08000003":0.3901141888493564,"E06000040":0.1269776143898116,"E08000007":0.19652106626239657,"E07000224":0.16864617883045926,"E08000037":0.324,"E06000021":0.2732427536231884,"E07000036":0.1939643183533993,"E07000127":0.17983639997527456,"E08000033":0.24511472655731906,"E06000013":0.1845352794063384,"W06000014":0.16586597040905135,"E07000217":0.14723556242005936,"E09000033":0.6622264409639825,"E06000018":0.3799671329512205,"E07000119":0.16787214806147954,"E07000236":0.17616494845360825,"W06000012":0.20936272545090182,"E09000022":0.5801259206462342,"E06000043":0.3744584108993262,"E07000080":0.12179917779509364,"W06000024":0.25035876352635456,"E07000163":0.1464958379684683,"E07000035":0.13027318342315555,"E07000121":0.2272757585861954,"E07000092":0.1633717527924077,"E07000042":0.13058120281761287,"E07000012":0.10939459072183413,"E07000242":0.12407087921832928,"E08000021":0.3661468300826581,"E06000022":0.1993186119873817,"E07000073":0.217106479647093,"E07000075":0.12956661135641365,"E07000076":0.2013698427052911,"E07000087":0.1211579185427332,"E06000055":0.1818630590244423,"E07000139":0.11422071427170566,"E07000146":0.15045061069607493,"E06000047":0.24134332363552718,"E07000078":0.20077884270024007,"E07000112":0.2050603057699071,"W06000015":0.2599078278457644,"E07000125":0.1833976833976834,"E09000007":0.6364557617050637,"E07000194":0.12638614946307253,"E07000034":0.23920597598784826,"E07000084":0.144693065431535,"E07000132":0.12724992921571007,"E08000022":0.27814032754177404,"E07000199":0.1825145914396887,"E06000034":0.1728636856695191,"E06000003":0.24802881339433466,"E07000134":0.12607564538723234,"E07000037":0.1687677818110468,"E07000099":0.15478037086653035,"E07000178":0.32105939644092035,"W06000021":0.12943505033721045,"E07000009":0.1202591188882617,"E07000216":0.11201571079926785,"E08000030":0.24951437278349045,"E09000003":0.29936138923024236,"E07000143":0.13288821882403618,"W06000018":0.2032862556880024,"E07000181":0.1149645685702376,"E07000071":0.18241124074771045,"E07000109":0.1966207309766327,"E07000115":0.12306572340544678,"E07000141":0.14599840891010343,"E09000020":0.5831439507206507,"E07000131":0.09984410956870314,"E07000203":0.09771553571025866,"E07000226":0.20592501428508636,"E07000066":0.18726591760299627,"E09000016":0.2153104851052065,"E09000028":0.6027534437156966,"W06000008":0.15734446818152392,"E06000007":0.17424727738629084,"E07000074":0.11283154121863799,"E08000028":0.29246195660519325,"E07000235":0.1184512209102373,"E08000032":0.2759366646495161,"E07000093":0.11917818234993054,"E08000012":0.400701717182914,"E06000011":0.15780647876579906,"E06000019":0.14443357842249507,"E07000145":0.2539960488505747,"E07000210":0.11540429198416759,"E08000035":0.28724089660464,"E07000063":0.1879234572422633,"E07000177":0.14718870931026634,"E08000008":0.26092417133039275,"E07000239":0.16253309796999119,"E06000005":0.25048039576434034,"E09000025":0.5168258200801683,"E07000168":0.25863114449465013,"W06000002":0.17664670658682635,"E06000023":0.26164161970361094,"E07000098":0.1550770816737735,"E08000017":0.24393167515732694,"E07000228":0.12372728851284157,"E07000138":0.28376502693673983,"E06000041":0.09024926262217338,"E09000015":0.2472613283951719,"E06000054":0.13110409566628387,"E07000124":0.11425580438927731,"E06000001":0.29567554361104326,"E06000009":0.3398570745033879,"E07000135":0.16792678074015122,"W06000009":0.15196078431372548,"E06000037":0.12066068588916559,"E06000046":0.20762639907371672,"E06000062":0.15904193697868396,"E07000105":0.14381426945113188,"E07000116":0.1551749165336043,"E07000144":0.10979916897506925,"E07000029":0.20632084970929288,"E07000068":0.13737554882196526,"E07000176":0.13451476454904476,"E09000017":0.22295565239682133,"E07000195":0.19418602474589597,"W06000006":0.19050661325413545,"E07000008":0.34365649596920206,"E07000196":0.12183170356236855,"E07000179":0.10803954728762846,"E07000043":0.16971085955043175,"E09000005":0.44090817117998177,"E07000096":0.14500410017031476,"E08000014":0.2637095660228648,"E06000039":0.20285376368700164,"E07000126":0.14335405260774708,"E06000012":0.26915475610803996,"E07000222":0.16601989811399095,"E07000220":0.14589581605087953,"E08000011":0.31209419884067624,"E07000241":0.17585318877274989,"E06000053":0.41764080765143463,"E07000189":0.12528641786720746,"E09000002":0.34751427566236365,"E08000026":0.27618160131206204,"E06000004":0.2234227995606285,"E07000041":0.2539483198234197,"E06000045":0.2739048401130109,"E07000061":0.2652488489366367,"E07000142":0.1412681544456252,"E07000208":0.14259714550272998,"E09000024":0.33048234344027605,"E07000192":0.16922475090319167,"E07000082":0.11871396387796403,"E09000009":0.3680056261736782,"E09000026":0.2750571288073819,"E07000046":0.13731284475965327,"E09000030":0.6638294342127095,"E06000032":0.2498099822650114,"E07000133":0.1311119961060224,"E07000089":0.07847062356120509,"E08000036":0.22817573085089007,"E07000026":0.18536374593500557,"E07000030":0.1244464307479787,"E06000025":0.12349599071980762,"E08000006":0.3318913096354981,"E08000025":0.31673420615128844,"E07000120":0.25344906875143713,"E07000212":0.13884264309087777,"E08000002":0.22094305719065618,"E07000169":0.12611223458038423,"E06000044":0.3030165859999768,"E07000198":0.13075197733443514,"E07000221":0.1107729046145567,"E09000021":0.25700179806783896,"E07000213":0.1472551130247578,"E07000209":0.1382940564582661,"E07000229":0.21837781097339415,"E07000147":0.14596684169181792,"E08000029":0.17605578713275147,"E06000058":0.1938081706377055,"E06000002":0.33128121733070043,"E07000086":0.11854402361042794,"E08000034":0.22673311272044902,"E07000137":0.16693949408530748,"E06000050":0.1669867746010467,"E06000014":0.23953847594083505,"E06000051":0.13812966133874008,"E07000047":0.12116205979530986,"E07000167":0.12753904669418142,"E06000027":0.23233108966217933,"E07000070":0.14873808039681172,"E07000188":0.14470169189670526,"E07000193":0.1848790283274521,"E07000170":0.20598055402678409,"E06000052":0.15017123424365555,"E08000001":0.2477228722956478,"E07000234":0.11371237458193979,"E08000013":0.2318849524750031,"W06000010":0.15403808754999448,"E07000211":0.13460542364951794,"E07000215":0.11273615360862364,"E06000030":0.19349690179633222,"E07000040":0.13572797508534468,"E06000008":0.26909660183436285,"E07000083":0.11509613740196917,"E07000140":0.1289094169962902,"E09000013":0.5745602698078603,"E07000077":0.08745061962227393,"E09000012":0.6488626615510789,"E07000117":0.2926113563402889,"E07000102":0.12483043030007054,"E06000061":0.15977249224405377,"W06000004":0.18799688598457148,